title,vote,created_at,comments
[Mod Raven] 2018 /r/GameofThrones Survey,44,Tue Mar 2 22:52:12 2010 UTC,16 comments
[Main Spoilers] Weekly Rewatch | Season 3 Episode 5: Kissed by Fire,18,Thu Feb 15 22:27:00 2018 UTC,33 comments
[EVERYTHING] The Northern Squad,•,Mon Feb 26 00:00:38 2018 UTC,5 comments
[NO SPOILERS] Interesting poster for the move “Black Plague” (2002). Starring Lena Headely,•,Tue Feb 27 09:43:14 2018 UTC,1 comment
[Main Spoilers] What do you think would’ve happened if Ned had gone to the wall?,12,Tue Feb 27 10:13:33 2018 UTC,18 comments
[NO SPOILERS] Seven Kingdoms couldn’t fill the hole she left behind (By Nicholas Charly),77,Tue Feb 27 04:37:13 2018 UTC,11 comments
[Everything]GOT Season 7 In 3 Minutes,12,Mon Feb 26 17:55:55 2018 UTC,2 comments
"[EVERYTHING] Extreme weather, CotF, White-walkers and nature magic theory (mix of books and show info)",7,Tue Feb 27 03:08:09 2018 UTC,3 comments
[s7] This is my favorite scene in season 7. The queen is sound.,30,Tue Feb 27 04:44:15 2018 UTC,6 comments
[NO SPOILERS]Is Medieval Europe as bad as Westeros or Essos?,•,Mon Feb 26 19:34:30 2018 UTC,4 comments
"[S1] The Hand of the King, an 91-minute edit of S01 (see video tab for viewing)",11,Tue Feb 27 09:57:15 2018 UTC,4 comments
[NO SPOILERS] Game of Thrones Papercut Characters,18,Mon Feb 26 22:13:43 2018 UTC,3 comments
[EVERYTHING] How do you feel about Elia Martell? Do you think she is looked over too much?,4,Mon Feb 26 16:08:47 2018 UTC,9 comments
[MAIN SPOILERS] Sword Appraisals IRL,2,Mon Feb 26 22:31:50 2018 UTC,3 comments
[MAIN SPOILERS] Made this Game of Thrones randomizer for a coding class forever ago. Pulled it up to play around with it and the coincidence was too good not to post.,235,Tue Feb 27 02:20:51 2018 UTC,8 comments
"[S7E6] A new ability revealed in ""Beyond the Wall""?",1,Sun Feb 25 21:39:58 2018 UTC,10 comments
[MAIN SPOILERS] Bran question,2,Tue Feb 27 02:09:28 2018 UTC,30 comments
[NO SPOILERS] The Dragon Prince and the Winter Rose Circa 281 AC by Raymond Waskita Terutama,3097,Mon Feb 26 21:40:12 2018 UTC,109 comments
[NO SPOILERS] Our wedding cake figures turned white walker-ish after a week in the fridge (we wanted to keep and eat it after our honeymoon),53,Sun Feb 25 05:58:48 2018 UTC,10 comments
[No Spoilers] Game of Thrones Oud cover,3,Mon Feb 26 03:23:48 2018 UTC,2 comments
[BOOKS] I'm listening to the audio version and I'm almost done with Book 1. (I'm caught up with the show.),5,Mon Feb 26 15:47:26 2018 UTC,6 comments
[No Spoilers] Daenerys Targaryen sketch done on Wacom Tablet 2.25.18,2,Mon Feb 26 14:47:17 2018 UTC,1 comment
[NO SPOILERS] My girlfriend sent me a Weirwood Valentine’s Day popup card,33,Mon Feb 26 17:30:56 2018 UTC,4 comments
"[No Spoilers] Another day, more LEGO: White Walkers",70,Mon Feb 26 00:45:21 2018 UTC,3 comments
[EVERYTHING] What is (in your opinion) a valid criticism that you've seen defended as if it meant the end of the world?,13,Sun Feb 25 21:07:50 2018 UTC,46 comments
"[MAIN SPOILERS] My Predictions for Season 8, The Final Season",0,Mon Feb 26 05:20:53 2018 UTC,8 comments
[NO SPOILERS] I made these Targaryen and Stark sigils for my girlfriend for Valentine's Day.,20,Tue Feb 27 01:09:38 2018 UTC,3 comments
