title,comments,created_at,vote
[SPOILERS] Weekly Rewatch | Season 3 Episode 9: The Rains of Castamere,89 comments,Tue Mar 2 22:52:12 2010 UTC,71
[Spoilers] A friend of mine made a NCAA style bracket for every major death in GOT. Thought I'd share,122 comments,Sun Mar 25 12:07:28 2018 UTC,720
[Spoilers] Daenerys Targaryen by Atey Ghailan,1 comment,Thu Mar 29 23:19:09 2018 UTC,â€¢
[NO SPOILERS] Used an ink printer with a UV light to make the best laptop cover.,195 comments,Fri Mar 30 12:08:18 2018 UTC,8868
"[SPOILERS] ""They are loyal beasts.""",18 comments,Thu Mar 29 04:40:50 2018 UTC,148
[NO SPOILERS] Call the Banners by Rhys Cooper,4 comments,Fri Mar 30 00:00:13 2018 UTC,282
[Spoilers] Do you think we will see...,13 comments,Thu Mar 29 19:14:37 2018 UTC,20
[NO SPOILERS] COLD AS ICE - Stickers I made of the coolest king in Westeros,2 comments,Fri Mar 30 06:47:32 2018 UTC,â€¢
[SPOILERS] How will Samwell react to Daenerys?,5 comments,Fri Mar 30 12:29:15 2018 UTC,â€¢
[SPOILERS] Why hasn't there been widespread condemnation of Cersei's action?,2 comments,Fri Mar 30 12:24:52 2018 UTC,â€¢
[No spoilers] Who can possibly stop him? ðŸ˜± What do you think?,7 comments,Fri Mar 30 12:46:18 2018 UTC,4
[SPOILERS] Great Sept Of Baelor scene with Evil Morty theme,4 comments,Fri Mar 30 06:14:57 2018 UTC,9
[NO SPOILERS] I drew a Cersei Lannister portrait,17 comments,Thu Mar 29 23:12:07 2018 UTC,174
[NO SPOILERS] Game Of Thrones - Classical Cover by @Astonband,1 comment,Thu Mar 29 05:35:53 2018 UTC,1
[SPOILERS] GoT anime. 10/10 would watch!,3 comments,Fri Mar 30 09:23:49 2018 UTC,0
[NO SPOILERS] Check out who signed the wall of my little hobby shop.,43 comments,Fri Mar 30 08:42:58 2018 UTC,1383
[SPOILERS] Quick Question,16 comments,Wed Mar 28 16:49:47 2018 UTC,14
[SPOILERS] Who is more likely going to die?,25 comments,Thu Mar 29 15:56:42 2018 UTC,3
[SPOILERS] Quick Question,327 comments,Fri Mar 30 00:35:06 2018 UTC,1485
[SPOILERS] how does the author plan out past and future events for awesome reveals?,12 comments,Wed Mar 28 14:29:50 2018 UTC,9
[SPOILERS] Theory: Who is Night King?,8 comments,Thu Mar 29 18:23:55 2018 UTC,18
[NO SPOILERS] Thoughts on seeing the Riverlands one last time in season 8?,5 comments,Thu Mar 29 14:12:57 2018 UTC,11
[Spoilers] Arya and Cersei,18 comments,Thu Mar 29 16:32:45 2018 UTC,10
"[SPOILERS] The Night's Rewatch S03E06: The Climb, Let's Play a Game",1 comment,Thu Mar 29 15:33:46 2018 UTC,2
[Spoilers] Dragons In Season 8,7 comments,Thu Mar 29 22:40:13 2018 UTC,0
[NO SPOILERS] A survey I made for an English paper for ASOIAF/Game of Thrones fan theories.,3 comments,Fri Mar 30 02:01:35 2018 UTC,3
