title,author,publish_date,link
Join Michael Casey and Paul Vigna in New York tomorrow,John Biggs,"Tue, 27 Feb 2018 10:21:33 +0000",https://techcrunch.com/2018/02/27/join-michael-casey-and-paul-vigna-in-new-york-tomorrow/?ncid=rss
"More details of Blossom Capital emerge, a new fund co-founded by ex-Index VC Ophelia Brown",Steve O&#039;Hear,"Tue, 27 Feb 2018 10:05:28 +0000",https://techcrunch.com/2018/02/27/blossom-capital/?ncid=rss
Author Ryan Holiday on “the nature of world-altering success”,Ryan Holiday,"Tue, 27 Feb 2018 09:55:41 +0000",https://techcrunch.com/2018/02/27/author-ryan-holiday-on-the-nature-of-world-altering-success/?ncid=rss
Alibaba moves to gobble up China-based food delivery startup Ele.me in full,Jon Russell,"Tue, 27 Feb 2018 09:03:09 +0000",https://techcrunch.com/2018/02/27/alibaba-ele-me-plate-up/?ncid=rss
China’s web censors go into overdrive as President Xi Jinping consolidates power,Jon Russell,"Tue, 27 Feb 2018 06:23:14 +0000",https://techcrunch.com/2018/02/26/china-web-censors-go-into-overdrive/?ncid=rss
JD.com’s new accelerator focuses on blockchain startups,Catherine Shu,"Tue, 27 Feb 2018 05:00:31 +0000",https://techcrunch.com/2018/02/26/jd-coms-new-accelerator-focuses-on-blockchain-startups/?ncid=rss
Here’s the latest update on the very spicy beef between two massive chipmakers,Matthew Lynley,"Mon, 26 Feb 2018 23:20:17 +0000",https://techcrunch.com/2018/02/26/heres-the-latest-update-on-the-very-spicy-beef-between-two-massive-chipmakers/?ncid=rss
"Court rules against AT&T, closing FTC regulation loophole",Devin Coldewey,"Mon, 26 Feb 2018 22:25:41 +0000",https://techcrunch.com/2018/02/26/court-rules-against-att-closing-ftc-regulation-loophole/?ncid=rss
‘Wolverine: The Long Night’ director talks podcasts and superheroes,Anthony Ha,"Mon, 26 Feb 2018 22:03:04 +0000",https://techcrunch.com/2018/02/26/wolverine-long-night-interview/?ncid=rss
Fitbit posted a weaker-than-expected quarter and its shares are crashing,Matthew Lynley,"Mon, 26 Feb 2018 21:20:19 +0000",https://techcrunch.com/2018/02/26/fitbit-posted-a-weaker-than-expected-quarter-and-its-shares-are-crashing/?ncid=rss
Uber’s hosting its flying taxi-focused Elevate Summit for a second year,Darrell Etherington,"Mon, 26 Feb 2018 20:35:41 +0000",https://techcrunch.com/2018/02/26/ubers-hosting-its-flying-taxi-focused-elevate-summit-for-a-second-year/?ncid=rss
The leaked BlackBerry ‘Ghost’ is reportedly a high-end Android phone built for India,Greg Kumparak,"Mon, 26 Feb 2018 20:11:55 +0000",https://techcrunch.com/2018/02/26/the-leaked-blackberry-ghost-is-reportedly-a-high-end-android-phone-built-for-india/?ncid=rss
"50 Cent admits he ‘has never owned, and does not now own’ any bitcoin",Devin Coldewey,"Mon, 26 Feb 2018 19:09:55 +0000",https://techcrunch.com/2018/02/26/50-cent-admits-he-has-never-owned-and-does-not-now-own-any-bitcoin/?ncid=rss
"Using technology to craft accurate, persuasive political messages",Jonathan Shieber,"Mon, 26 Feb 2018 18:18:30 +0000",https://techcrunch.com/2018/02/26/using-technology-to-craft-accurate-persuasive-political-messages/?ncid=rss
"YouTube Live gains automatic captions, chat replay and more",Sarah Perez,"Mon, 26 Feb 2018 17:07:46 +0000",https://techcrunch.com/2018/02/26/youtube-live-gains-automatic-captions-chat-replay-and-more/?ncid=rss
"We went for a ride in a Huawei smartphone-controlled, self-driving Porsche",Brian Heater,"Mon, 26 Feb 2018 16:56:36 +0000",https://techcrunch.com/2018/02/26/we-went-for-a-ride-in-a-huawei-smartphone-controlled-self-driving-porsche/?ncid=rss
Pony.ai launches a self-driving ride-hailing fleet for public use in China,Darrell Etherington,"Mon, 26 Feb 2018 16:30:06 +0000",https://techcrunch.com/2018/02/26/pony-ai-launches-a-self-driving-ride-hailing-fleet-for-public-use-in-china/?ncid=rss
"One-time Flickr rival 500px acquired by the Getty of China, VCG",Sarah Perez,"Mon, 26 Feb 2018 16:10:37 +0000",https://techcrunch.com/timeline/one-time-flickr-rival-500px-acquired-by-the-getty-of-china-vcg/?ncid=rss
Google makes Actions for its Assistant available to more developers,Frederic Lardinois,"Mon, 26 Feb 2018 16:00:55 +0000",https://techcrunch.com/2018/02/26/google-makes-actions-for-its-assistant-available-to-more-developers/?ncid=rss
Amazon renews Lore for a second season,Jordan Crook,"Mon, 26 Feb 2018 15:55:03 +0000",https://techcrunch.com/2018/02/26/amazon-renews-lore-for-a-second-season/?ncid=rss
